name,phone,company,copy1,copy2,phone2,fax,www,hp,kind,size,template
Min Soo Kim,02-558-0222,Softmagic,This is copy1,This is copy2,02-558-0222,02-558-0223,www.softmagic.com,011-243-0222,boxad,1x30,boxad_1x30
Min Soo Kim,02-558-0222,Softmagic,This is copy1,This is copy2,02-558-0222,02-558-0223,www.softmagic.com,011-243-0222,boxad,1x30,boxad_1x30
Min Soo Kim,02-558-0222,Softmagic,This is copy1,This is copy2,02-558-0222,02-558-0223,www.softmagic.com,011-243-0222,boxad,1x30,boxad_1x30
Min Soo Kim,02-558-0222,Softmagic,This is copy1,This is copy2,02-558-0222,02-558-0223,www.softmagic.com,011-243-0222,boxad,1x30,boxad_1x30
Min Soo Kim,02-558-0222,Softmagic,This is copy1,This is copy2,02-558-0222,02-558-0223,www.softmagic.com,011-243-0222,boxad,1x30,boxad_1x30
Min Soo Kim,02-558-0222,Softmagic,This is copy1,This is copy2,02-558-0222,02-558-0223,www.softmagic.com,011-243-0222,boxad,1x30,boxad_1x30
Min Soo Kim,02-558-0222,Softmagic,This is copy1,This is copy2,02-558-0222,02-558-0223,www.softmagic.com,011-243-0222,boxad,1x30,boxad_1x30
Min Soo Kim,02-558-0222,Softmagic,This is copy1,This is copy2,02-558-0222,02-558-0223,www.softmagic.com,011-243-0222,boxad,1x30,boxad_1x30
Min Soo Kim,02-558-0222,Softmagic,This is copy1,This is copy2,02-558-0222,02-558-0223,www.softmagic.com,011-243-0222,boxad,1x30,boxad_1x30
Min Soo Kim,02-558-0222,Softmagic,This is copy1,This is copy2,02-558-0222,02-558-0223,www.softmagic.com,011-243-0222,boxad,1x30,boxad_1x30
Min Soo Kim,02-558-0222,Softmagic,This is copy1,This is copy2,02-558-0222,02-558-0223,www.softmagic.com,011-243-0222,boxad,1x30,boxad_1x30
Min Soo Kim,02-558-0222,Softmagic,This is copy1,This is copy2,02-558-0222,02-558-0223,www.softmagic.com,011-243-0222,boxad,1x30,boxad_1x30
Min Soo Kim,02-558-0222,Softmagic,This is copy1,This is copy2,02-558-0222,02-558-0223,www.softmagic.com,011-243-0222,boxad,1x30,boxad_1x30
Min Soo Kim,02-558-0222,Softmagic,This is copy1,This is copy2,02-558-0222,02-558-0223,www.softmagic.com,011-243-0222,boxad,1x30,boxad_1x30
Min Soo Kim,02-558-0222,Softmagic,This is copy1,This is copy2,02-558-0222,02-558-0223,www.softmagic.com,011-243-0222,boxad,1x30,boxad_1x30
Min Soo Kim,02-558-0222,Softmagic,This is copy1,This is copy2,02-558-0222,02-558-0223,www.softmagic.com,011-243-0222,boxad,1x30,boxad_1x30
Min Soo Kim,02-558-0222,Softmagic,This is copy1,This is copy2,02-558-0222,02-558-0223,www.softmagic.com,011-243-0222,boxad,1x30,boxad_1x30
Min Soo Kim,02-558-0222,Softmagic,This is copy1,This is copy2,02-558-0222,02-558-0223,www.softmagic.com,011-243-0222,boxad,1x30,boxad_1x30
Min Soo Kim,02-558-0222,Softmagic,This is copy1,This is copy2,02-558-0222,02-558-0223,www.softmagic.com,011-243-0222,boxad,1x30,boxad_1x30
Min Soo Kim,02-558-0222,Softmagic,This is copy1,This is copy2,02-558-0222,02-558-0223,www.softmagic.com,011-243-0222,boxad,1x30,boxad_1x30
Min Soo Kim,02-558-0222,Softmagic,This is copy1,This is copy2,02-558-0222,02-558-0223,www.softmagic.com,011-243-0222,boxad,1x30,boxad_1x30
Min Soo Kim,02-558-0222,Softmagic,This is copy1,This is copy2,02-558-0222,02-558-0223,www.softmagic.com,011-243-0222,boxad,1x30,boxad_1x30
Min Soo Kim,02-558-0222,Softmagic,This is copy1,This is copy2,02-558-0222,02-558-0223,www.softmagic.com,011-243-0222,boxad,1x30,boxad_1x30
Min Soo Kim,02-558-0222,Softmagic,This is copy1,This is copy2,02-558-0222,02-558-0223,www.softmagic.com,011-243-0222,boxad,1x30,boxad_1x30
Min Soo Kim,02-558-0222,Softmagic,This is copy1,This is copy2,02-558-0222,02-558-0223,www.softmagic.com,011-243-0222,boxad,1x30,boxad_1x30
Min Soo Kim,02-558-0222,Softmagic,This is copy1,This is copy2,02-558-0222,02-558-0223,www.softmagic.com,011-243-0222,boxad,1x30,boxad_1x30
Min Soo Kim,02-558-0222,Softmagic,This is copy1,This is copy2,02-558-0222,02-558-0223,www.softmagic.com,011-243-0222,boxad,1x30,boxad_1x30
Min Soo Kim,02-558-0222,Softmagic,This is copy1,This is copy2,02-558-0222,02-558-0223,www.softmagic.com,011-243-0222,boxad,1x30,boxad_1x30
Min Soo Kim,02-558-0222,Softmagic,This is copy1,This is copy2,02-558-0222,02-558-0223,www.softmagic.com,011-243-0222,boxad,1x30,boxad_1x30
Min Soo Kim,02-558-0222,Softmagic,This is copy1,This is copy2,02-558-0222,02-558-0223,www.softmagic.com,011-243-0222,boxad,1x30,boxad_1x30
Min Soo Kim,02-558-0222,Softmagic,This is copy1,This is copy2,02-558-0222,02-558-0223,www.softmagic.com,011-243-0222,boxad,1x30,boxad_1x30
Min Soo Kim,02-558-0222,Softmagic,This is copy1,This is copy2,02-558-0222,02-558-0223,www.softmagic.com,011-243-0222,boxad,1x30,boxad_1x30